profile_key,city,num_days,solver,num_candidates,total_relevance,avg_relevance,num_activities_included,real_overrun_day_rate,real_overrun_min_avg,idle_minutes_per_day,stops_per_day,solve_time_ms
senior_solo_culture,Roma,2,greedy,80,12.5594,0.8971,14,0.5,1.0,37.0,7.0,1851
senior_solo_culture,Roma,2,toptw,20,11.1028,0.9252,12,0.0,0.0,89.0,6.0,341
senior_solo_culture,Roma,2,toptw,40,10.8828,0.9069,12,0.0,0.0,120.0,6.0,430
senior_solo_culture,Roma,2,toptw,60,9.7746,0.8886,11,0.0,0.0,120.0,5.5,762
senior_solo_culture,Roma,2,toptw,80,10.9596,0.843,13,0.0,0.0,90.0,6.5,428
senior_solo_culture,Roma,2,toptw,100,10.6002,0.8834,12,0.0,0.0,120.0,6.0,1244
senior_solo_culture,Roma,2,toptw,120,11.2393,0.8646,13,0.0,0.0,90.0,6.5,1202
senior_solo_culture,Roma,4,greedy,80,27.3115,0.8276,33,0.0,0.0,33.9,8.25,945
senior_solo_culture,Roma,4,toptw,20,23.5558,0.8413,28,0.0,0.0,88.8,7.0,658
senior_solo_culture,Roma,4,toptw,40,21.5703,0.8628,25,0.0,0.0,105.0,6.25,464
senior_solo_culture,Roma,4,toptw,60,22.5332,0.8667,26,0.0,0.0,90.0,6.5,377
senior_solo_culture,Roma,4,toptw,80,22.393,0.8613,26,0.0,0.0,101.2,6.5,881
senior_solo_culture,Roma,4,toptw,100,20.9408,0.8725,24,0.0,0.0,101.2,6.0,1442
senior_solo_culture,Roma,4,toptw,120,22.2707,0.8566,26,0.0,0.0,93.8,6.5,5567
couple_foodie,Roma,2,greedy,80,10.8553,0.7237,15,0.0,0.0,8.1,7.5,793
couple_foodie,Roma,2,toptw,20,9.0005,0.75,12,0.0,0.0,47.0,6.0,301
couple_foodie,Roma,2,toptw,40,8.84,0.7367,12,0.0,0.0,77.5,6.0,331
couple_foodie,Roma,2,toptw,60,8.8094,0.7341,12,0.0,0.0,77.5,6.0,425
couple_foodie,Roma,2,toptw,80,9.3847,0.7219,13,0.0,0.0,89.7,6.5,419
couple_foodie,Roma,2,toptw,100,9.1379,0.7029,13,0.0,0.0,105.0,6.5,502
couple_foodie,Roma,2,toptw,120,9.1379,0.7029,13,0.0,0.0,105.0,6.5,375
couple_foodie,Roma,4,greedy,80,18.3659,0.7064,26,0.0,0.0,22.0,6.5,928
couple_foodie,Roma,4,toptw,20,18.2257,0.675,27,0.0,0.0,81.3,6.75,806
couple_foodie,Roma,4,toptw,40,17.887,0.688,26,0.0,0.0,89.6,6.5,782
couple_foodie,Roma,4,toptw,60,18.4721,0.6597,28,0.0,0.0,90.6,7.0,387
couple_foodie,Roma,4,toptw,80,17.2642,0.664,26,0.0,0.0,90.6,6.5,736
couple_foodie,Roma,4,toptw,100,18.43,0.6582,28,0.0,0.0,82.8,7.0,601
couple_foodie,Roma,4,toptw,120,18.4672,0.6595,28,0.0,0.0,75.3,7.0,2520
young_solo_outdoor,Roma,2,greedy,80,10.8217,0.6764,16,0.0,0.0,22.6,8.0,868
young_solo_outdoor,Roma,2,toptw,20,8.3434,0.6953,12,0.0,0.0,90.0,6.0,290
young_solo_outdoor,Roma,2,toptw,40,9.4041,0.6717,14,0.0,0.0,61.0,7.0,259
young_solo_outdoor,Roma,2,toptw,60,10.1471,0.6765,15,0.0,0.0,50.8,7.5,297
young_solo_outdoor,Roma,2,toptw,80,10.5194,0.6575,16,0.0,0.0,55.8,8.0,411
young_solo_outdoor,Roma,2,toptw,100,10.5366,0.6585,16,0.0,0.0,70.8,8.0,1118
young_solo_outdoor,Roma,2,toptw,120,10.3847,0.649,16,0.0,0.0,55.8,8.0,2182
young_solo_outdoor,Roma,4,greedy,80,20.0594,0.6269,32,0.0,0.0,12.7,8.0,745
young_solo_outdoor,Roma,4,toptw,20,17.6935,0.6101,29,0.0,0.0,51.6,7.25,867
young_solo_outdoor,Roma,4,toptw,40,16.8646,0.6486,26,0.0,0.0,101.3,6.5,309
young_solo_outdoor,Roma,4,toptw,60,18.3149,0.6315,29,0.0,0.0,70.0,7.25,376
young_solo_outdoor,Roma,4,toptw,80,19.2506,0.621,31,0.0,0.0,87.0,7.75,838
young_solo_outdoor,Roma,4,toptw,100,18.5067,0.5783,32,0.0,0.0,94.5,8.0,2876
young_solo_outdoor,Roma,4,toptw,120,18.0565,0.5825,31,0.0,0.0,97.5,7.75,24452
friends_nightlife,Roma,2,greedy,80,8.8048,0.5503,16,0.0,0.0,16.4,8.0,1104
friends_nightlife,Roma,2,toptw,20,6.8939,0.5745,12,0.0,0.0,146.6,6.0,393
friends_nightlife,Roma,2,toptw,40,7.026,0.5019,14,0.0,0.0,132.8,7.0,425
friends_nightlife,Roma,2,toptw,60,6.7445,0.5188,13,0.0,0.0,150.0,6.5,319
friends_nightlife,Roma,2,toptw,80,7.0684,0.5437,13,0.0,0.0,154.2,6.5,404
friends_nightlife,Roma,2,toptw,100,7.1096,0.5469,13,0.0,0.0,128.5,6.5,475
friends_nightlife,Roma,2,toptw,120,7.3878,0.5277,14,0.0,0.0,148.2,7.0,398
friends_nightlife,Roma,4,greedy,80,18.2722,0.4808,38,0.0,0.0,23.4,9.5,765
friends_nightlife,Roma,4,toptw,20,14.3169,0.4772,30,0.0,0.0,148.5,7.5,645
friends_nightlife,Roma,4,toptw,40,14.6193,0.5221,28,0.0,0.0,149.3,7.0,367
friends_nightlife,Roma,4,toptw,60,15.0209,0.5007,30,0.0,0.0,141.0,7.5,488
friends_nightlife,Roma,4,toptw,80,13.6712,0.4714,29,0.0,0.0,151.2,7.25,554
friends_nightlife,Roma,4,toptw,100,15.8491,0.4803,33,0.0,0.0,143.3,8.25,579
friends_nightlife,Roma,4,toptw,120,14.4984,0.4833,30,0.0,0.0,155.9,7.5,515
family_toddlers,Roma,2,greedy,80,10.6477,0.7098,15,0.0,0.0,15.0,7.5,988
family_toddlers,Roma,2,toptw,20,11.2563,0.6621,17,0.0,0.0,67.8,8.5,3684
family_toddlers,Roma,2,toptw,40,9.7809,0.6521,15,0.0,0.0,205.5,7.5,246
family_toddlers,Roma,2,toptw,60,9.6833,0.6456,15,0.0,0.0,216.2,7.5,803
family_toddlers,Roma,2,toptw,80,11.2772,0.6634,17,0.0,0.0,87.7,8.5,362
family_toddlers,Roma,2,toptw,100,9.1308,0.6087,15,0.0,0.0,281.4,7.5,391
family_toddlers,Roma,2,toptw,120,9.303,0.6202,15,0.0,0.0,274.8,7.5,1433
family_toddlers,Roma,4,greedy,80,20.0978,0.5911,34,0.0,0.0,0.0,8.5,751
family_toddlers,Roma,4,toptw,20,20.8122,0.6121,34,0.0,0.0,105.0,8.5,4283
family_toddlers,Roma,4,toptw,40,18.5286,0.6617,28,0.0,0.0,191.4,7.0,884
family_toddlers,Roma,4,toptw,60,18.4996,0.6167,30,0.0,0.0,193.2,7.5,470
family_toddlers,Roma,4,toptw,80,19.5082,0.5912,33,0.0,0.0,211.5,8.25,414
family_toddlers,Roma,4,toptw,100,18.6445,0.565,33,0.0,0.0,180.3,8.25,1325
family_toddlers,Roma,4,toptw,120,18.9907,0.5755,33,0.0,0.0,165.4,8.25,602
family_teen,Roma,2,greedy,80,9.014,0.6934,13,0.0,0.0,37.0,6.5,624
family_teen,Roma,2,toptw,20,8.9383,0.7449,12,0.0,0.0,161.9,6.0,217
family_teen,Roma,2,toptw,40,9.5801,0.7369,13,0.0,0.0,181.4,6.5,258
family_teen,Roma,2,toptw,60,10.5447,0.703,15,0.0,0.0,206.2,7.5,708
family_teen,Roma,2,toptw,80,10.3188,0.7371,14,0.0,0.0,43.1,7.0,316
family_teen,Roma,2,toptw,100,9.3212,0.717,13,0.0,0.0,185.8,6.5,396
family_teen,Roma,2,toptw,120,9.3487,0.7191,13,0.0,0.0,186.7,6.5,374
family_teen,Roma,4,greedy,80,19.2688,0.6644,29,0.0,0.0,3.8,7.25,897
family_teen,Roma,4,toptw,20,16.2435,0.7062,23,0.0,0.0,101.3,5.75,1338
family_teen,Roma,4,toptw,40,18.011,0.7204,25,0.0,0.0,153.2,6.25,282
family_teen,Roma,4,toptw,60,18.3278,0.6788,27,0.0,0.0,224.8,6.75,362
family_teen,Roma,4,toptw,80,17.049,0.682,25,0.0,0.0,91.4,6.25,458
family_teen,Roma,4,toptw,100,20.2768,0.6541,31,0.0,0.0,126.3,7.75,1377
family_teen,Roma,4,toptw,120,18.6523,0.6662,28,0.0,0.0,195.6,7.0,651
couple_museums,Roma,2,greedy,80,14.1606,0.944,15,0.0,0.0,26.5,7.5,604
couple_museums,Roma,2,toptw,20,10.9902,0.9991,11,0.0,0.0,75.4,5.5,237
couple_museums,Roma,2,toptw,40,10.584,0.9622,11,0.0,0.0,97.5,5.5,276
couple_museums,Roma,2,toptw,60,9.5647,0.9565,10,0.0,0.0,97.5,5.0,338
couple_museums,Roma,2,toptw,80,10.4402,0.9491,11,0.0,0.0,105.0,5.5,327
couple_museums,Roma,2,toptw,100,10.1079,0.9189,11,0.0,0.0,105.0,5.5,373
couple_museums,Roma,2,toptw,120,9.7252,0.8841,11,0.0,0.0,120.0,5.5,386
couple_museums,Roma,4,greedy,80,26.091,0.8997,29,0.25,0.9,8.2,7.25,1408
couple_museums,Roma,4,toptw,20,21.4009,0.9305,23,0.0,0.0,101.2,5.75,454
couple_museums,Roma,4,toptw,40,23.1359,0.9254,25,0.0,0.0,100.3,6.25,313
couple_museums,Roma,4,toptw,60,22.9387,0.9175,25,0.0,0.0,92.8,6.25,298
couple_museums,Roma,4,toptw,80,22.2505,0.9271,24,0.0,0.0,85.3,6.0,379
couple_museums,Roma,4,toptw,100,24.4524,0.9056,27,0.0,0.0,92.8,6.75,521
couple_museums,Roma,4,toptw,120,24.0537,0.8909,27,0.0,0.0,98.7,6.75,547
young_solo_relax,Roma,2,greedy,80,12.7783,0.6725,19,0.0,0.0,9.1,9.5,597
young_solo_relax,Roma,2,toptw,20,9.5019,0.6335,15,0.0,0.0,90.0,7.5,398
young_solo_relax,Roma,2,toptw,40,10.9105,0.6819,16,0.0,0.0,67.9,8.0,232
young_solo_relax,Roma,2,toptw,60,10.5031,0.6564,16,0.0,0.0,78.0,8.0,267
young_solo_relax,Roma,2,toptw,80,10.1499,0.6344,16,0.0,0.0,90.0,8.0,314
young_solo_relax,Roma,2,toptw,100,10.4087,0.6123,17,0.0,0.0,90.0,8.5,374
young_solo_relax,Roma,2,toptw,120,9.8504,0.6157,16,0.0,0.0,90.0,8.0,350
young_solo_relax,Roma,4,greedy,80,20.8718,0.6325,33,0.0,0.0,17.8,8.25,748
young_solo_relax,Roma,4,toptw,20,20.0301,0.607,33,0.0,0.0,98.0,8.25,1334
young_solo_relax,Roma,4,toptw,40,19.4898,0.6497,30,0.0,0.0,87.4,7.5,1595
young_solo_relax,Roma,4,toptw,60,19.9992,0.606,33,0.0,0.0,89.7,8.25,2095
young_solo_relax,Roma,4,toptw,80,20.6296,0.6068,34,0.0,0.0,82.1,8.5,416
young_solo_relax,Roma,4,toptw,100,20.0761,0.5905,34,0.0,0.0,89.6,8.5,416
young_solo_relax,Roma,4,toptw,120,17.9245,0.5782,31,0.0,0.0,97.1,7.75,501
couple_generalist,Roma,2,greedy,80,11.7848,0.7857,15,0.0,0.0,6.1,7.5,614
couple_generalist,Roma,2,toptw,20,9.587,0.7989,12,0.0,0.0,62.7,6.0,221
couple_generalist,Roma,2,toptw,40,10.8703,0.7764,14,0.0,0.0,63.5,7.0,243
couple_generalist,Roma,2,toptw,60,11.3009,0.7534,15,0.0,0.0,57.6,7.5,267
couple_generalist,Roma,2,toptw,80,9.462,0.7885,12,0.0,0.0,87.9,6.0,343
couple_generalist,Roma,2,toptw,100,10.2328,0.7871,13,0.0,0.0,72.9,6.5,373
couple_generalist,Roma,2,toptw,120,10.2328,0.7871,13,0.0,0.0,72.9,6.5,355
couple_generalist,Roma,4,greedy,80,19.8262,0.7625,26,0.0,0.0,17.0,6.5,778
couple_generalist,Roma,4,toptw,20,19.6225,0.7268,27,0.0,0.0,90.0,6.75,456
couple_generalist,Roma,4,toptw,40,19.3127,0.7428,26,0.0,0.0,78.9,6.5,291
couple_generalist,Roma,4,toptw,60,20.9675,0.723,29,0.0,0.0,75.7,7.25,309
couple_generalist,Roma,4,toptw,80,20.6401,0.7117,29,0.0,0.0,76.2,7.25,373
couple_generalist,Roma,4,toptw,100,20.9717,0.6991,30,0.0,0.0,101.2,7.5,418
couple_generalist,Roma,4,toptw,120,21.2575,0.7086,30,0.0,0.0,76.2,7.5,511
senior_solo_culture,Madrid,2,greedy,80,11.2108,0.7474,15,0.0,0.0,31.3,7.5,677
senior_solo_culture,Madrid,2,toptw,20,9.9227,0.8269,12,0.0,0.0,122.0,6.0,2004
senior_solo_culture,Madrid,2,toptw,40,8.9983,0.818,11,0.0,0.0,116.6,5.5,510
senior_solo_culture,Madrid,2,toptw,60,9.6495,0.8041,12,0.0,0.0,90.3,6.0,461
senior_solo_culture,Madrid,2,toptw,80,11.1177,0.7941,14,0.0,0.0,49.6,7.0,410
senior_solo_culture,Madrid,2,toptw,100,11.8316,0.7888,15,0.0,0.0,54.4,7.5,17007
senior_solo_culture,Madrid,2,toptw,120,10.8522,0.7752,14,0.0,0.0,19.6,7.0,19467
senior_solo_culture,Madrid,4,greedy,80,21.6719,0.7473,29,0.0,0.0,47.2,7.25,1883
senior_solo_culture,Madrid,4,toptw,20,19.1301,0.7971,24,0.25,0.2,78.8,6.0,1066
senior_solo_culture,Madrid,4,toptw,40,21.7563,0.8058,27,0.0,0.0,94.1,6.75,956
senior_solo_culture,Madrid,4,toptw,60,21.4194,0.7933,27,0.0,0.0,65.7,6.75,901
senior_solo_culture,Madrid,4,toptw,80,21.222,0.786,27,0.0,0.0,73.4,6.75,620
senior_solo_culture,Madrid,4,toptw,100,21.7423,0.7765,28,0.0,0.0,71.9,7.0,20259
senior_solo_culture,Madrid,4,toptw,120,22.1045,0.7622,29,0.0,0.0,69.8,7.25,9092
couple_foodie,Madrid,2,greedy,80,7.1556,0.5963,12,0.0,0.0,56.8,6.0,706
couple_foodie,Madrid,2,toptw,20,6.2807,0.6281,10,0.0,0.0,65.7,5.0,294
couple_foodie,Madrid,2,toptw,40,7.6178,0.6348,12,0.0,0.0,75.1,6.0,326
couple_foodie,Madrid,2,toptw,60,8.298,0.6383,13,0.0,0.0,69.4,6.5,717
couple_foodie,Madrid,2,toptw,80,10.3178,0.6069,17,0.0,0.0,19.2,8.5,366
couple_foodie,Madrid,2,toptw,100,9.8004,0.6125,16,0.0,0.0,29.4,8.0,2748
couple_foodie,Madrid,2,toptw,120,9.8004,0.6125,16,0.0,0.0,29.4,8.0,4909
couple_foodie,Madrid,4,greedy,80,14.7374,0.5895,25,0.0,0.0,55.1,6.25,5323
couple_foodie,Madrid,4,toptw,20,12.1243,0.6062,20,0.0,0.0,45.7,5.0,2589
couple_foodie,Madrid,4,toptw,40,15.0223,0.6259,24,0.0,0.0,59.1,6.0,693
couple_foodie,Madrid,4,toptw,60,15.9919,0.6151,26,0.0,0.0,55.3,6.5,2236
couple_foodie,Madrid,4,toptw,80,15.9313,0.6127,26,0.0,0.0,69.4,6.5,374
couple_foodie,Madrid,4,toptw,100,16.4842,0.6105,27,0.0,0.0,60.2,6.75,2450
couple_foodie,Madrid,4,toptw,120,15.8325,0.6089,26,0.0,0.0,52.3,6.5,3931
young_solo_outdoor,Madrid,2,greedy,80,8.9658,0.5977,15,0.0,0.0,29.9,7.5,710
young_solo_outdoor,Madrid,2,toptw,20,8.3319,0.5951,14,0.0,0.0,75.0,7.0,1100
young_solo_outdoor,Madrid,2,toptw,40,9.0188,0.6013,15,0.0,0.0,55.4,7.5,307
young_solo_outdoor,Madrid,2,toptw,60,9.6488,0.6031,16,0.0,0.0,5.0,8.0,418
young_solo_outdoor,Madrid,2,toptw,80,10.2586,0.6034,17,0.0,0.0,53.7,8.5,328
young_solo_outdoor,Madrid,2,toptw,100,9.637,0.6023,16,0.0,0.0,121.5,8.0,1118
young_solo_outdoor,Madrid,2,toptw,120,10.7288,0.596,18,0.0,0.0,95.2,9.0,2267
young_solo_outdoor,Madrid,4,greedy,80,16.9744,0.5853,29,0.0,0.0,30.5,7.25,1699
young_solo_outdoor,Madrid,4,toptw,20,14.1332,0.5653,25,0.0,0.0,76.0,6.25,7585
young_solo_outdoor,Madrid,4,toptw,40,17.767,0.5731,31,0.0,0.0,85.5,7.75,4241
young_solo_outdoor,Madrid,4,toptw,60,16.2171,0.5592,29,0.0,0.0,37.1,7.25,3075
young_solo_outdoor,Madrid,4,toptw,80,16.8726,0.5624,30,0.0,0.0,81.1,7.5,333
young_solo_outdoor,Madrid,4,toptw,100,17.2689,0.5571,31,0.0,0.0,69.4,7.75,2488
young_solo_outdoor,Madrid,4,toptw,120,17.7519,0.5379,33,0.0,0.0,58.0,8.25,9244
friends_nightlife,Madrid,2,greedy,80,7.9477,0.4675,17,0.0,0.0,11.9,8.5,692
friends_nightlife,Madrid,2,toptw,20,6.6343,0.5103,13,0.0,0.0,137.2,6.5,427
friends_nightlife,Madrid,2,toptw,40,7.6163,0.476,16,0.0,0.0,16.4,8.0,262
friends_nightlife,Madrid,2,toptw,60,7.7192,0.4824,16,0.0,0.0,78.2,8.0,333
friends_nightlife,Madrid,2,toptw,80,8.2175,0.4565,18,0.0,0.0,150.0,9.0,422
friends_nightlife,Madrid,2,toptw,100,7.8692,0.4629,17,0.0,0.0,134.4,8.5,2949
friends_nightlife,Madrid,2,toptw,120,8.2175,0.4565,18,0.0,0.0,150.0,9.0,2754
friends_nightlife,Madrid,4,greedy,80,13.3458,0.4602,29,0.0,0.0,54.2,7.25,4431
friends_nightlife,Madrid,4,toptw,20,11.7685,0.4359,27,0.0,0.0,53.4,6.75,4648
friends_nightlife,Madrid,4,toptw,40,12.6461,0.4516,28,0.0,0.0,100.8,7.0,590
friends_nightlife,Madrid,4,toptw,60,11.4419,0.4238,27,0.0,0.0,51.1,6.75,1130
friends_nightlife,Madrid,4,toptw,80,13.3157,0.4161,32,0.0,0.0,59.9,8.0,379
friends_nightlife,Madrid,4,toptw,100,13.5631,0.4375,31,0.0,0.0,96.2,7.75,2550
friends_nightlife,Madrid,4,toptw,120,13.4861,0.435,31,0.0,0.0,96.5,7.75,3880
family_toddlers,Madrid,2,greedy,80,8.5881,0.6134,14,0.0,0.0,0.0,7.0,634
family_toddlers,Madrid,2,toptw,20,6.7967,0.6179,11,0.0,0.0,147.0,5.5,1029
family_toddlers,Madrid,2,toptw,40,8.3098,0.6392,13,0.0,0.0,140.1,6.5,495
family_toddlers,Madrid,2,toptw,60,9.7659,0.6511,15,0.0,0.0,63.4,7.5,366
family_toddlers,Madrid,2,toptw,80,9.38,0.6253,15,0.0,0.0,118.8,7.5,316
family_toddlers,Madrid,2,toptw,100,9.3834,0.5865,16,0.0,0.0,182.7,8.0,1009
family_toddlers,Madrid,2,toptw,120,9.4625,0.5914,16,0.0,0.0,187.5,8.0,1038
family_toddlers,Madrid,4,greedy,80,16.3972,0.5654,29,0.0,0.0,0.0,7.25,1432
family_toddlers,Madrid,4,toptw,20,14.3624,0.6245,23,0.0,0.0,217.5,5.75,2656
family_toddlers,Madrid,4,toptw,40,15.6153,0.6006,26,0.0,0.0,145.8,6.5,1151
family_toddlers,Madrid,4,toptw,60,15.8564,0.6099,26,0.0,0.0,155.6,6.5,325
family_toddlers,Madrid,4,toptw,80,17.2719,0.5757,30,0.0,0.0,131.1,7.5,377
family_toddlers,Madrid,4,toptw,100,18.2589,0.5706,32,0.0,0.0,92.8,8.0,1043
family_toddlers,Madrid,4,toptw,120,18.4401,0.5763,32,0.0,0.0,111.3,8.0,12698
family_teen,Madrid,2,greedy,80,8.1496,0.6791,12,0.0,0.0,0.0,6.0,579
family_teen,Madrid,2,toptw,20,7.364,0.7364,10,0.0,0.0,172.7,5.0,329
family_teen,Madrid,2,toptw,40,8.1653,0.6804,12,0.0,0.0,171.6,6.0,238
family_teen,Madrid,2,toptw,60,7.4492,0.6772,11,0.0,0.0,82.8,5.5,285
family_teen,Madrid,2,toptw,80,8.0258,0.6174,13,0.0,0.0,188.2,6.5,396
family_teen,Madrid,2,toptw,100,10.0033,0.6252,16,0.0,0.0,139.7,8.0,448
family_teen,Madrid,2,toptw,120,8.5951,0.6139,14,0.0,0.0,106.0,7.0,378
family_teen,Madrid,4,greedy,80,15.7912,0.6316,25,0.0,0.0,0.0,6.25,3422
family_teen,Madrid,4,toptw,20,12.2402,0.68,18,0.0,0.0,210.6,4.5,2864
family_teen,Madrid,4,toptw,40,14.4987,0.659,22,0.0,0.0,159.0,5.5,866
family_teen,Madrid,4,toptw,60,15.6696,0.6529,24,0.0,0.0,153.6,6.0,451
family_teen,Madrid,4,toptw,80,15.7204,0.6288,25,0.0,0.0,134.6,6.25,474
family_teen,Madrid,4,toptw,100,16.1863,0.6225,26,0.0,0.0,120.5,6.5,1174
family_teen,Madrid,4,toptw,120,16.2555,0.6252,26,0.0,0.0,124.8,6.5,6030
couple_museums,Madrid,2,greedy,80,10.7347,0.8257,13,0.0,0.0,22.0,6.5,756
couple_museums,Madrid,2,toptw,20,9.7719,0.8884,11,0.0,0.0,86.4,5.5,303
couple_museums,Madrid,2,toptw,40,12.3019,0.8787,14,0.0,0.0,80.0,7.0,433
couple_museums,Madrid,2,toptw,60,11.8483,0.8463,14,0.0,0.0,100.6,7.0,715
couple_museums,Madrid,2,toptw,80,11.8992,0.8499,14,0.0,0.0,88.3,7.0,429
couple_museums,Madrid,2,toptw,100,12.6616,0.8441,15,0.0,0.0,86.2,7.5,562
couple_museums,Madrid,2,toptw,120,12.4939,0.8329,15,0.0,0.0,106.8,7.5,2358
couple_museums,Madrid,4,greedy,80,21.0709,0.8104,26,0.0,0.0,11.6,6.5,1845
couple_museums,Madrid,4,toptw,20,23.9643,0.8559,28,0.0,0.0,60.9,7.0,806
couple_museums,Madrid,4,toptw,40,22.1196,0.8508,26,0.0,0.0,71.2,6.5,461
couple_museums,Madrid,4,toptw,60,23.2117,0.8597,27,0.0,0.0,73.2,6.75,456
couple_museums,Madrid,4,toptw,80,21.1205,0.8448,25,0.0,0.0,56.7,6.25,511
couple_museums,Madrid,4,toptw,100,21.1222,0.8449,25,0.0,0.0,51.1,6.25,2835
couple_museums,Madrid,4,toptw,120,21.6105,0.8312,26,0.0,0.0,58.6,6.5,2420
young_solo_relax,Madrid,2,greedy,80,10.4967,0.5832,18,0.0,0.0,31.7,9.0,780
young_solo_relax,Madrid,2,toptw,20,8.0308,0.6178,13,0.0,0.0,86.1,6.5,959
young_solo_relax,Madrid,2,toptw,40,8.6847,0.579,15,0.0,0.0,53.9,7.5,664
young_solo_relax,Madrid,2,toptw,60,6.0242,0.6024,10,0.0,0.0,52.7,5.0,586
young_solo_relax,Madrid,2,toptw,80,9.4301,0.6287,15,0.0,0.0,96.7,7.5,365
young_solo_relax,Madrid,2,toptw,100,8.9973,0.5998,15,0.0,0.0,79.2,7.5,435
young_solo_relax,Madrid,2,toptw,120,8.9973,0.5998,15,0.0,0.0,79.2,7.5,352
young_solo_relax,Madrid,4,greedy,80,18.5824,0.5807,32,0.0,0.0,27.2,8.0,1725
young_solo_relax,Madrid,4,toptw,20,13.2784,0.6323,21,0.0,0.0,114.0,5.25,4478
young_solo_relax,Madrid,4,toptw,40,17.7478,0.5916,30,0.0,0.0,71.4,7.5,3975
young_solo_relax,Madrid,4,toptw,60,16.8101,0.5603,30,0.0,0.0,77.8,7.5,931
young_solo_relax,Madrid,4,toptw,80,17.4306,0.5623,31,0.0,0.0,48.3,7.75,432
young_solo_relax,Madrid,4,toptw,100,17.5902,0.5674,31,0.0,0.0,80.1,7.75,454
young_solo_relax,Madrid,4,toptw,120,17.7719,0.5554,32,0.0,0.0,60.6,8.0,2740
couple_generalist,Madrid,2,greedy,80,7.7397,0.645,12,0.0,0.0,57.8,6.0,680
couple_generalist,Madrid,2,toptw,20,7.7863,0.7078,11,0.0,0.0,61.3,5.5,216
couple_generalist,Madrid,2,toptw,40,9.5652,0.6832,14,0.0,0.0,75.7,7.0,254
couple_generalist,Madrid,2,toptw,60,9.2951,0.6639,14,0.0,0.0,75.0,7.0,346
couple_generalist,Madrid,2,toptw,80,11.2031,0.659,17,0.0,0.0,81.9,8.5,381
couple_generalist,Madrid,2,toptw,100,11.2031,0.659,17,0.0,0.0,81.9,8.5,481
couple_generalist,Madrid,2,toptw,120,11.2031,0.659,17,0.0,0.0,81.9,8.5,1329
couple_generalist,Madrid,4,greedy,80,16.1701,0.6738,24,0.0,0.0,29.4,6.0,1975
couple_generalist,Madrid,4,toptw,20,15.675,0.6531,24,0.0,0.0,59.2,6.0,1015
couple_generalist,Madrid,4,toptw,40,15.0267,0.683,22,0.0,0.0,90.0,5.5,598
couple_generalist,Madrid,4,toptw,60,17.8991,0.6629,27,0.0,0.0,68.1,6.75,390
couple_generalist,Madrid,4,toptw,80,19.5637,0.6521,30,0.0,0.0,40.2,7.5,404
couple_generalist,Madrid,4,toptw,100,18.1084,0.6467,28,0.0,0.0,35.8,7.0,1291
couple_generalist,Madrid,4,toptw,120,18.8711,0.6507,29,0.0,0.0,55.6,7.25,1425
senior_solo_culture,Porto,2,greedy,80,11.6923,0.6878,17,0.0,0.0,10.4,8.5,2627
senior_solo_culture,Porto,2,toptw,20,13.9814,0.7767,18,0.0,0.0,80.5,9.0,2552
senior_solo_culture,Porto,2,toptw,40,13.8682,0.7705,18,0.0,0.0,78.8,9.0,250
senior_solo_culture,Porto,2,toptw,60,14.2112,0.7106,20,0.0,0.0,46.2,10.0,895
senior_solo_culture,Porto,2,toptw,80,12.7854,0.7521,17,0.0,0.0,90.1,8.5,1009
senior_solo_culture,Porto,2,toptw,100,13.1441,0.7302,18,0.0,0.0,90.1,9.0,12510
senior_solo_culture,Porto,2,toptw,120,13.7581,0.7241,19,0.0,0.0,79.2,9.5,2580
senior_solo_culture,Porto,4,greedy,80,21.7112,0.6203,35,0.0,0.0,34.8,8.75,5634
senior_solo_culture,Porto,4,toptw,20,21.5631,0.7188,30,0.0,0.0,98.3,7.5,4175
senior_solo_culture,Porto,4,toptw,40,19.5755,0.725,27,0.0,0.0,128.4,6.75,715
senior_solo_culture,Porto,4,toptw,60,20.2258,0.7223,28,0.0,0.0,95.1,7.0,491
senior_solo_culture,Porto,4,toptw,80,19.6387,0.7014,28,0.0,0.0,113.4,7.0,1264
senior_solo_culture,Porto,4,toptw,100,21.4621,0.6707,32,0.0,0.0,74.8,8.0,2599
senior_solo_culture,Porto,4,toptw,120,20.7676,0.6699,31,0.0,0.0,84.0,7.75,9160
couple_foodie,Porto,2,greedy,80,9.5845,0.5638,17,0.0,0.0,15.7,8.5,2780
couple_foodie,Porto,2,toptw,20,9.6015,0.6001,16,0.0,0.0,66.0,8.0,976
couple_foodie,Porto,2,toptw,40,9.4048,0.5878,16,0.0,0.0,56.2,8.0,266
couple_foodie,Porto,2,toptw,60,10.1596,0.5644,18,0.0,0.0,61.7,9.0,881
couple_foodie,Porto,2,toptw,80,9.9839,0.5547,18,0.0,0.0,76.7,9.0,287
couple_foodie,Porto,2,toptw,100,9.9839,0.5547,18,0.0,0.0,76.7,9.0,1457
couple_foodie,Porto,2,toptw,120,10.4504,0.55,19,0.0,0.0,68.2,9.5,4264
couple_foodie,Porto,4,greedy,80,17.1033,0.5183,33,0.0,0.0,38.4,8.25,3426
couple_foodie,Porto,4,toptw,20,15.9716,0.5507,29,0.0,0.0,56.4,7.25,3919
couple_foodie,Porto,4,toptw,40,13.9602,0.5584,25,0.0,0.0,130.4,6.25,481
couple_foodie,Porto,4,toptw,60,15.4897,0.5532,28,0.0,0.0,95.5,7.0,551
couple_foodie,Porto,4,toptw,80,15.3734,0.5491,28,0.0,0.0,105.7,7.0,554
couple_foodie,Porto,4,toptw,100,14.9762,0.5349,28,0.0,0.0,119.6,7.0,1365
couple_foodie,Porto,4,toptw,120,15.7188,0.524,30,0.0,0.0,87.0,7.5,3309
young_solo_outdoor,Porto,2,greedy,80,11.0927,0.5546,20,0.0,0.0,42.8,10.0,6143
young_solo_outdoor,Porto,2,toptw,20,9.6272,0.5663,17,0.0,0.0,92.7,8.5,2476
young_solo_outdoor,Porto,2,toptw,40,10.6977,0.563,19,0.0,0.0,84.1,9.5,1011
young_solo_outdoor,Porto,2,toptw,60,10.0046,0.5558,18,0.0,0.0,121.2,9.0,247
young_solo_outdoor,Porto,2,toptw,80,11.2498,0.5357,21,0.0,0.0,28.9,10.5,278
young_solo_outdoor,Porto,2,toptw,100,11.2498,0.5357,21,0.0,0.0,28.9,10.5,1216
young_solo_outdoor,Porto,2,toptw,120,11.8784,0.5399,22,0.0,0.0,25.8,11.0,4025
young_solo_outdoor,Porto,4,greedy,80,18.7965,0.5221,36,0.0,0.0,51.7,9.0,8493
young_solo_outdoor,Porto,4,toptw,20,14.5708,0.5397,27,0.0,0.0,145.7,6.75,9147
young_solo_outdoor,Porto,4,toptw,40,15.8142,0.5453,29,0.0,0.0,82.0,7.25,3957
young_solo_outdoor,Porto,4,toptw,60,15.696,0.5606,28,0.0,0.0,104.3,7.0,5475
young_solo_outdoor,Porto,4,toptw,80,15.4883,0.5341,29,0.0,0.0,93.1,7.25,6440
young_solo_outdoor,Porto,4,toptw,100,14.832,0.5493,27,0.0,0.0,90.9,6.75,10980
young_solo_outdoor,Porto,4,toptw,120,15.0496,0.519,29,0.0,0.0,102.4,7.25,14702
friends_nightlife,Porto,2,greedy,80,6.997,0.3887,18,0.0,0.0,101.4,9.0,4101
friends_nightlife,Porto,2,toptw,20,6.9972,0.4373,16,0.0,0.0,105.2,8.0,3255
friends_nightlife,Porto,2,toptw,40,7.8344,0.4123,19,0.0,0.0,82.9,9.5,3442
friends_nightlife,Porto,2,toptw,60,8.2086,0.4104,20,0.0,0.0,68.6,10.0,2513
friends_nightlife,Porto,2,toptw,80,7.6974,0.4276,18,0.0,0.0,108.2,9.0,3718
friends_nightlife,Porto,2,toptw,100,7.6974,0.4276,18,0.0,0.0,108.2,9.0,6040
friends_nightlife,Porto,2,toptw,120,6.5989,0.4124,16,0.0,0.0,79.8,8.0,6715
friends_nightlife,Porto,4,greedy,80,13.1753,0.3764,35,0.0,0.0,73.6,8.75,6680
friends_nightlife,Porto,4,toptw,20,10.5697,0.4065,26,0.0,0.0,134.7,6.5,3446
friends_nightlife,Porto,4,toptw,40,10.0073,0.3849,26,0.0,0.0,113.5,6.5,6014
friends_nightlife,Porto,4,toptw,60,12.846,0.4014,32,0.0,0.0,86.6,8.0,7319
friends_nightlife,Porto,4,toptw,80,11.9498,0.3983,30,0.0,0.0,100.5,7.5,11478
friends_nightlife,Porto,4,toptw,100,11.7008,0.39,30,0.0,0.0,115.0,7.5,11859
friends_nightlife,Porto,4,toptw,120,11.4483,0.3816,30,0.0,0.0,124.7,7.5,14003
family_toddlers,Porto,2,greedy,80,8.4705,0.605,14,0.0,0.0,0.0,7.0,2770
family_toddlers,Porto,2,toptw,20,8.9862,0.5991,15,0.0,0.0,124.7,7.5,2635
family_toddlers,Porto,2,toptw,40,7.2181,0.5552,13,0.0,0.0,102.5,6.5,958
family_toddlers,Porto,2,toptw,60,7.4679,0.5334,14,0.0,0.0,107.9,7.0,621
family_toddlers,Porto,2,toptw,80,8.4339,0.5271,16,0.0,0.0,69.3,8.0,837
family_toddlers,Porto,2,toptw,100,8.4339,0.5271,16,0.0,0.0,69.6,8.0,1103
family_toddlers,Porto,2,toptw,120,7.6534,0.5102,15,0.0,0.0,39.2,7.5,1690
family_toddlers,Porto,4,greedy,80,15.3619,0.5297,29,0.0,0.0,3.8,7.25,4037
family_toddlers,Porto,4,toptw,20,16.2595,0.5607,29,0.0,0.0,145.3,7.25,6631
family_toddlers,Porto,4,toptw,40,14.9485,0.5536,27,0.0,0.0,131.9,6.75,2494
family_toddlers,Porto,4,toptw,60,14.9291,0.5529,27,0.0,0.0,126.1,6.75,757
family_toddlers,Porto,4,toptw,80,15.1196,0.54,28,0.0,0.0,106.9,7.0,473
family_toddlers,Porto,4,toptw,100,15.065,0.538,28,0.0,0.0,86.1,7.0,977
family_toddlers,Porto,4,toptw,120,16.2288,0.5071,32,0.0,0.0,83.5,8.0,2360
family_teen,Porto,2,greedy,80,8.4954,0.6068,14,0.0,0.0,0.0,7.0,644
family_teen,Porto,2,toptw,20,8.2246,0.6327,13,0.0,0.0,55.4,6.5,1244
family_teen,Porto,2,toptw,40,6.6473,0.6043,11,0.0,0.0,87.5,5.5,300
family_teen,Porto,2,toptw,60,8.2195,0.5871,14,0.0,0.0,52.3,7.0,315
family_teen,Porto,2,toptw,80,6.6825,0.5569,12,0.0,0.0,55.2,6.0,377
family_teen,Porto,2,toptw,100,8.3603,0.5574,15,0.0,0.0,33.9,7.5,1047
family_teen,Porto,2,toptw,120,8.3603,0.5574,15,0.0,0.0,33.9,7.5,1004
family_teen,Porto,4,greedy,80,15.5777,0.5563,28,0.0,0.0,0.0,7.0,908
family_teen,Porto,4,toptw,20,15.5202,0.5748,27,0.0,0.0,96.8,6.75,1423
family_teen,Porto,4,toptw,40,13.0489,0.5931,22,0.0,0.0,147.8,5.5,303
family_teen,Porto,4,toptw,60,14.5288,0.5812,25,0.0,0.0,114.2,6.25,322
family_teen,Porto,4,toptw,80,13.1522,0.5718,23,0.0,0.0,92.2,5.75,443
family_teen,Porto,4,toptw,100,14.1791,0.5453,26,0.0,0.0,92.9,6.5,553
family_teen,Porto,4,toptw,120,15.3003,0.5464,28,0.0,0.0,65.5,7.0,2359
couple_museums,Porto,2,greedy,80,11.0448,0.6903,16,0.0,0.0,25.8,8.0,585
couple_museums,Porto,2,toptw,20,12.5598,0.8373,15,0.0,0.0,97.4,7.5,481
couple_museums,Porto,2,toptw,40,13.2727,0.8295,16,0.0,0.0,104.9,8.0,311
couple_museums,Porto,2,toptw,60,13.477,0.7487,18,0.0,0.0,75.3,9.0,358
couple_museums,Porto,2,toptw,80,13.4609,0.7918,17,0.0,0.0,96.3,8.5,321
couple_museums,Porto,2,toptw,100,11.5962,0.7731,15,0.0,0.0,120.0,7.5,348
couple_museums,Porto,2,toptw,120,12.8505,0.7559,17,0.0,0.0,87.3,8.5,966
couple_museums,Porto,4,greedy,80,20.4155,0.6586,31,0.0,0.0,54.8,7.75,986
couple_museums,Porto,4,toptw,20,21.8698,0.7541,29,0.0,0.0,103.4,7.25,729
couple_museums,Porto,4,toptw,40,20.109,0.7734,26,0.0,0.0,106.6,6.5,481
couple_museums,Porto,4,toptw,60,21.9326,0.7563,29,0.0,0.0,84.0,7.25,619
couple_museums,Porto,4,toptw,80,21.0202,0.7507,28,0.0,0.0,95.4,7.0,745
couple_museums,Porto,4,toptw,100,20.9802,0.7235,29,0.0,0.0,81.5,7.25,825
couple_museums,Porto,4,toptw,120,18.2131,0.6746,27,0.0,0.0,126.4,6.75,1476
young_solo_relax,Porto,2,greedy,80,12.1868,0.5803,21,0.0,0.0,19.4,10.5,557
young_solo_relax,Porto,2,toptw,20,10.9921,0.5785,19,0.0,0.0,97.5,9.5,378
young_solo_relax,Porto,2,toptw,40,9.9374,0.5521,18,0.0,0.0,46.9,9.0,390
young_solo_relax,Porto,2,toptw,60,11.9459,0.5689,21,0.0,0.0,84.5,10.5,336
young_solo_relax,Porto,2,toptw,80,11.9135,0.5415,22,0.0,0.0,54.4,11.0,339
young_solo_relax,Porto,2,toptw,100,11.9135,0.5415,22,0.0,0.0,54.4,11.0,388
young_solo_relax,Porto,2,toptw,120,12.1764,0.5535,22,0.0,0.0,46.3,11.0,5580
young_solo_relax,Porto,4,greedy,80,19.0864,0.5302,36,0.0,0.0,50.3,9.0,966
young_solo_relax,Porto,4,toptw,20,15.1009,0.5593,27,0.0,0.0,147.3,6.75,2640
young_solo_relax,Porto,4,toptw,40,16.4096,0.547,30,0.0,0.0,104.6,7.5,1090
young_solo_relax,Porto,4,toptw,60,16.941,0.5465,31,0.0,0.0,105.4,7.75,718
young_solo_relax,Porto,4,toptw,80,16.2021,0.5401,30,0.0,0.0,145.4,7.5,636
young_solo_relax,Porto,4,toptw,100,17.0336,0.5323,32,0.0,0.0,86.1,8.0,1309
young_solo_relax,Porto,4,toptw,120,16.8837,0.5276,32,0.0,0.0,84.1,8.0,2003
couple_generalist,Porto,2,greedy,80,10.0926,0.5937,17,0.0,0.0,36.7,8.5,683
couple_generalist,Porto,2,toptw,20,9.997,0.6248,16,0.0,0.0,83.4,8.0,1315
couple_generalist,Porto,2,toptw,40,10.2097,0.6381,16,0.0,0.0,122.7,8.0,1308
couple_generalist,Porto,2,toptw,60,10.5092,0.6182,17,0.0,0.0,67.0,8.5,358
couple_generalist,Porto,2,toptw,80,11.5466,0.6077,19,0.0,0.0,48.0,9.5,322
couple_generalist,Porto,2,toptw,100,12.3895,0.6195,20,0.0,0.0,31.8,10.0,952
couple_generalist,Porto,2,toptw,120,12.3895,0.6195,20,0.0,0.0,31.8,10.0,2458
couple_generalist,Porto,4,greedy,80,19.0972,0.5617,34,0.0,0.0,28.6,8.5,849
couple_generalist,Porto,4,toptw,20,15.5211,0.597,26,0.0,0.0,105.5,6.5,2494
couple_generalist,Porto,4,toptw,40,15.5345,0.5975,26,0.0,0.0,105.7,6.5,458
couple_generalist,Porto,4,toptw,60,16.3456,0.6054,27,0.0,0.0,87.2,6.75,549
couple_generalist,Porto,4,toptw,80,16.6737,0.5955,28,0.0,0.0,86.5,7.0,590
couple_generalist,Porto,4,toptw,100,15.7483,0.5833,27,0.0,0.0,100.2,6.75,744
couple_generalist,Porto,4,toptw,120,18.0066,0.5809,31,0.0,0.0,94.3,7.75,3092
